{
    "C10": {
        "bb_bandwidth": {
            "0": 1.1111096792684516,
            "1": 2.9601343673678713,
            "2": 0.9233775522666788
        },
        "rsi": {
            "0": 39.86963710744209,
            "1": 62.914037419938104,
            "2": 58.215404218768526
        },
        "stoch_k": {
            "0": 23.470593099759366,
            "1": 70.94250439676414,
            "2": 72.88326589045766
        }
    },
    "C11": {
        "macd_diff": {
            "0": -0.00048134267538660634,
            "1": 0.0005985597415438289,
            "2": 0.0002078709602747467
        },
        "rsi": {
            "0": 38.56462529575557,
            "1": 60.10289315086291,
            "2": 56.773925128115465
        },
        "atr": {
            "0": 0.002688836828897438,
            "1": 0.0044148103977013145,
            "2": 0.002268206843393073
        }
    },
    "C12": {
        "stoch_k": {
            "0": 43.69863257617418,
            "1": 75.21066989461252,
            "2": 24.687388887544824
        },
        "rsi": {
            "0": 46.66259679650639,
            "1": 59.822084993828895,
            "2": 40.47859250079717
        },
        "<TICKVOL>": {
            "0": 27461.392727272727,
            "1": 10500.397567820393,
            "2": 10081.953781512606
        }
    },
    "C13": {
        "macd_diff": {
            "0": 0.00014625642667007486,
            "1": 0.0011229430769735319,
            "2": -0.0007680974158460194
        },
        "ema_50": {
            "0": 1.0847420309383522,
            "1": 1.0671753879846388,
            "2": 1.0893527288478602
        },
        "bb_bandwidth": {
            "0": 0.8429727609212508,
            "1": 2.572054668773261,
            "2": 1.5247185678514177
        }
    },
    "C14": {
        "bb_upper": {
            "0": 1.0836476207879697,
            "1": 1.0762025235268882,
            "2": 1.135103111795658
        },
        "rsi": {
            "0": 38.10559834142735,
            "1": 58.22214113464931,
            "2": 55.78760411125322
        }
    },
    "C15": {
        "bb_lower": {
            "0": 1.0853879096580785,
            "1": 1.0393372817633868,
            "2": 1.0939844754152013
        },
        "rsi": {
            "0": 38.521398968666816,
            "1": 50.10755690030778,
            "2": 59.59917819983893
        }
    },
    "C16": {
        "macd": {
            "0": -0.00145766532616254,
            "1": 0.0013786753706554907,
            "2": 0.006538196283486166
        },
        "macd_signal": {
            "0": -0.001375699789398846,
            "1": 0.0013061152037357813,
            "2": 0.006224337094489429
        }
    }
}