{
    "<TICKVOL>": 0.01722156131387979,
    "atr": 0.023591259140132364,
    "bb_bandwidth": 0.02867920161099761,
    "bb_lower": 0.11636565076278242,
    "bb_upper": 0.5104355013715816,
    "ema_50": 0.18547963658170177,
    "macd": 0.02161771148429334,
    "macd_diff": 0.024262412621139918,
    "macd_signal": 0.01805965765089043,
    "rsi": 0.009974987998504865,
    "stoch_k": 0.04431241946409587
}